Designator,Mid X,Mid Y,Rotation,Layer
C1,138.966,-99.20651,180.0,top
C2,142.974,-99.20651,0.0,top
C3,146.84,-99.20651,180.0,top
C4,146.784,-104.28651,0.0,top
C5,138.938,-104.28651,0.0,top
J1,134.849,-101.98551,0.0,top
J2,150.089,-101.98551,0.0,top
U1,138.938,-102.00051,0.0,top
U2,143.002,-102.00051,0.0,top
U3,146.558,-102.00051,0.0,top
