Designator,Mid X,Mid Y,Rotation,Layer
C1,138.964,-98.8,180.0,top
C2,142.972,-98.8,0.0,top
C3,146.2,-98.8,180.0,top
C4,146.782,-103.4,0.0,top
C5,137.2,-102.0,90.0,top
C6,142.2,-105.4,90.0,top
J1,134.849,-101.98551,0.0,top
J2,150.089,-101.98551,0.0,top
U1,139.6,-101.2,0.0,top
U2,143.4,-101.2,0.0,top
U3,146.556,-101.2,0.0,top
U4,139.6,-104.8,180.0,top
